cute fluffy round creature, ultra soft puffy body, warm friendly orange and cream colors, in tiny car with snacks and music, adventure vibes, content and happy expression, satisfied, tiny hearts floating behind, desktop buddy size, fits on keyboard, single creature only, full body visible, stylized 3D art, charming friendly, cute living creature, simple clean background, soft lighting
cute spiky but soft creature, gentle textured body, warm friendly orange and cream colors, avoiding tasks playfully, tiny distractions around, sleepy and cozy expression, drowsy and comfortable, wearing tiny cute hat, cushion friend size, medium pillow size, single creature only, full body visible, stylized 3D art, charming friendly, cute living creature, simple clean background, soft lighting
cute spiky but soft creature, gentle textured body, warm friendly orange and cream colors, in tiny car with snacks and music, adventure vibes, giggly and silly expression, playful vibes, tiny phone in hand, cushion friend size, medium pillow size, single creature only, full body visible, stylized 3D art, charming friendly, cute living creature, simple clean background, soft lighting
cute long noodle-like creature, sleek smooth elongated body, cozy neutral grey and soft blue colors, singing loudly in tiny car, happy and carefree, content and happy expression, satisfied, big expressive ears or antenna, cushion friend size, medium pillow size, single creature only, full body visible, stylized 3D art, charming friendly, cute living creature, simple clean background, soft lighting
cute athletic creature, fit toned body, energetic build, cozy neutral beige and cream colors, stuck in tiny car looking bored, tapping wheel, sleepy and cozy expression, drowsy and comfortable, tiny comfort blanket nearby, lap companion size, cat-sized, single creature only, full body visible, stylized 3D art, charming friendly, cute living creature, simple clean background, soft lighting
cute blobby wiggly creature, soft bouncy body, cozy neutral beige and cream colors, dancing energetically with tiny headphones, music notes floating, focused and intense expression, determined, wearing tiny cute hat, desktop buddy size, fits on keyboard, single creature only, full body visible, stylized 3D art, charming friendly, cute living creature, simple clean background, soft lighting
cute fluffy round creature, ultra soft puffy body, cozy neutral grey and soft blue colors, typing on tiny laptop at desk, focused work mode, energetic and buzzing expression, energy sparkles, tiny comfort blanket nearby, pocket-sized, fits in palm, single creature only, full body visible, stylized 3D art, charming friendly, cute living creature, simple clean background, soft lighting
cute sleek smooth creature, streamlined body, earthy green and brown colors, in tiny office chair at meeting, holding tiny notepad, focused and intense expression, determined, tiny headphones on head, lap companion size, cat-sized, single creature only, full body visible, stylized 3D art, charming friendly, cute living creature, simple clean background, soft lighting
cute spiky but soft creature, gentle textured body, bright poppy pink and purple colors, sitting relaxed holding tiny coffee cup, focused and intense expression, determined, carrying tiny backpack or bag, cushion friend size, medium pillow size, single creature only, full body visible, stylized 3D art, charming friendly, cute living creature, simple clean background, soft lighting
cute blobby wiggly creature, soft bouncy body, cozy neutral grey and soft blue colors, running on tiny treadmill, focused and sweaty, excited and bouncy expression, joyful, carrying tiny backpack or bag, pocket-sized, fits in palm, single creature only, full body visible, stylized 3D art, charming friendly, cute living creature, simple clean background, soft lighting
cute fluffy round creature, ultra soft puffy body, bright poppy pink and purple colors, dancing energetically with tiny headphones, music notes floating, curious and exploring expression, wonder-filled, tiny phone in hand, lap companion size, cat-sized, single creature only, full body visible, stylized 3D art, charming friendly, cute living creature, simple clean background, soft lighting
cute long noodle-like creature, sleek smooth elongated body, earthy green and brown colors, typing frantically on tiny keyboard, focused and intense expression, determined, sparkles around body when happy, cushion friend size, medium pillow size, single creature only, full body visible, stylized 3D art, charming friendly, cute living creature, simple clean background, soft lighting
cute spiky but soft creature, gentle textured body, cozy neutral beige and cream colors, having eureka moment with tiny lightbulb above head, sparkles of inspiration, focused and intense expression, determined, big expressive ears or antenna, desktop buddy size, fits on keyboard, single creature only, full body visible, stylized 3D art, charming friendly, cute living creature, simple clean background, soft lighting
cute long noodle-like creature, sleek smooth elongated body, bright poppy orange and yellow colors, having eureka moment with tiny lightbulb above head, sparkles of inspiration, focused and intense expression, determined, big expressive ears or antenna, pocket-sized, fits in palm, single creature only, full body visible, stylized 3D art, charming friendly, cute living creature, simple clean background, soft lighting
cute chubby squishy creature, soft round body, cozy neutral grey and soft blue colors, swinging tiny tennis racket, competitive spirit, chill and relaxed expression, peaceful aura, tiny headphones on head, cushion friend size, medium pillow size, single creature only, full body visible, stylized 3D art, charming friendly, cute living creature, simple clean background, soft lighting
cute spiky but soft creature, gentle textured body, soft pastel blue and lavender colors, swinging tiny tennis racket, competitive spirit, giggly and silly expression, playful vibes, wearing tiny round glasses, cushion friend size, medium pillow size, single creature only, full body visible, stylized 3D art, charming friendly, cute living creature, simple clean background, soft lighting
cute sleek smooth creature, streamlined body, cozy neutral grey and soft blue colors, typing frantically on tiny keyboard, sleepy and cozy expression, drowsy and comfortable, soft gentle glow emanating, pocket-sized, fits in palm, single creature only, full body visible, stylized 3D art, charming friendly, cute living creature, simple clean background, soft lighting
cute spiky but soft creature, gentle textured body, cool calm teal and mint green colors, peeking curiously from behind, content and happy expression, satisfied, sparkles around body when happy, cushion friend size, medium pillow size, single creature only, full body visible, stylized 3D art, charming friendly, cute living creature, simple clean background, soft lighting
cute blobby wiggly creature, soft bouncy body, soft pastel pink and cream colors, watering tiny plants with small watering can, contemplative and thoughtful expression, reflective, wearing tiny cute hat, cushion friend size, medium pillow size, single creature only, full body visible, stylized 3D art, charming friendly, cute living creature, simple clean background, soft lighting
cute athletic creature, fit toned body, energetic build, bright poppy orange and yellow colors, dancing at party with tiny drink, celebration mode, sleepy and cozy expression, drowsy and comfortable, carrying tiny backpack or bag, cushion friend size, medium pillow size, single creature only, full body visible, stylized 3D art, charming friendly, cute living creature, simple clean background, soft lighting
cute athletic creature, fit toned body, energetic build, warm friendly orange and cream colors, disco dancing under tiny disco ball, groovy moves, excited and bouncy expression, joyful, carrying tiny backpack or bag, cushion friend size, medium pillow size, single creature only, full body visible, stylized 3D art, charming friendly, cute living creature, simple clean background, soft lighting
cute sleek smooth creature, streamlined body, cool calm teal and mint green colors, cheering encouragingly with tiny pom-poms, hearts floating, chill and relaxed expression, peaceful aura, tiny comfort blanket nearby, cushion friend size, medium pillow size, single creature only, full body visible, stylized 3D art, charming friendly, cute living creature, simple clean background, soft lighting
cute bean-shaped creature, tiny compact body, earthy green and brown colors, dancing at party with tiny drink, celebration mode, chill and relaxed expression, peaceful aura, tiny headphones on head, desktop buddy size, fits on keyboard, single creature only, full body visible, stylized 3D art, charming friendly, cute living creature, simple clean background, soft lighting
cute athletic creature, fit toned body, energetic build, pastel rainbow multi-color, in tiny office chair at meeting, holding tiny notepad, focused and intense expression, determined, wearing tiny round glasses, pocket-sized, fits in palm, single creature only, full body visible, stylized 3D art, charming friendly, cute living creature, simple clean background, soft lighting
cute athletic creature, fit toned body, energetic build, cozy neutral beige and cream colors, stretching and yawning adorably, contemplative and thoughtful expression, reflective, soft gentle glow emanating, desktop buddy size, fits on keyboard, single creature only, full body visible, stylized 3D art, charming friendly, cute living creature, simple clean background, soft lighting
cute spiky but soft creature, gentle textured body, warm friendly orange and cream colors, disco dancing under tiny disco ball, groovy moves, excited and bouncy expression, joyful, tiny comfort blanket nearby, cushion friend size, medium pillow size, single creature only, full body visible, stylized 3D art, charming friendly, cute living creature, simple clean background, soft lighting
cute spiky but soft creature, gentle textured body, warm friendly orange and cream colors, doing yoga pose on tiny mat, balanced and peaceful, focused and intense expression, determined, tiny hearts floating behind, lap companion size, cat-sized, single creature only, full body visible, stylized 3D art, charming friendly, cute living creature, simple clean background, soft lighting
cute bean-shaped creature, tiny compact body, soft pastel pink and cream colors, peeking curiously from behind, playful and mischievous expression, sly and fun, soft gentle glow emanating, desktop buddy size, fits on keyboard, single creature only, full body visible, stylized 3D art, charming friendly, cute living creature, simple clean background, soft lighting
cute chubby squishy creature, soft round body, earthy green and brown colors, lifting tiny dumbbells with effort, determined expression, excited and bouncy expression, joyful, big expressive ears or antenna, cushion friend size, medium pillow size, single creature only, full body visible, stylized 3D art, charming friendly, cute living creature, simple clean background, soft lighting
cute spiky but soft creature, gentle textured body, cool calm teal and mint green colors, intensely focused on tiny game controller, tiny game screen glow, playful and mischievous expression, sly and fun, tiny headphones on head, pocket-sized, fits in palm, single creature only, full body visible, stylized 3D art, charming friendly, cute living creature, simple clean background, soft lighting
cute blobby wiggly creature, soft bouncy body, cozy neutral grey and soft blue colors, planting tiny seeds in soil, gardening gloves on, chill and relaxed expression, peaceful aura, soft gentle glow emanating, lap companion size, cat-sized, single creature only, full body visible, stylized 3D art, charming friendly, cute living creature, simple clean background, soft lighting
cute sleek smooth creature, streamlined body, bright poppy orange and yellow colors, singing loudly in tiny car, happy and carefree, contemplative and thoughtful expression, reflective, wearing tiny round glasses, lap companion size, cat-sized, single creature only, full body visible, stylized 3D art, charming friendly, cute living creature, simple clean background, soft lighting
cute fluffy round creature, ultra soft puffy body, cozy neutral grey and soft blue colors, sipping tiny tea cup thoughtfully, tiny book nearby, energetic and buzzing expression, energy sparkles, tiny hearts floating behind, cushion friend size, medium pillow size, single creature only, full body visible, stylized 3D art, charming friendly, cute living creature, simple clean background, soft lighting
cute fluffy round creature, ultra soft puffy body, pastel rainbow multi-color, doodling with tiny crayon, little doodles floating, giggly and silly expression, playful vibes, soft gentle glow emanating, pocket-sized, fits in palm, single creature only, full body visible, stylized 3D art, charming friendly, cute living creature, simple clean background, soft lighting
cute chubby squishy creature, soft round body, soft pastel blue and lavender colors, sitting relaxed holding tiny coffee cup, curious and exploring expression, wonder-filled, tiny hearts floating behind, lap companion size, cat-sized, single creature only, full body visible, stylized 3D art, charming friendly, cute living creature, simple clean background, soft lighting
cute long noodle-like creature, sleek smooth elongated body, soft pastel pink and cream colors, shooting tiny basketball, sporty and focused, giggly and silly expression, playful vibes, tiny comfort blanket nearby, lap companion size, cat-sized, single creature only, full body visible, stylized 3D art, charming friendly, cute living creature, simple clean background, soft lighting
cute long noodle-like creature, sleek smooth elongated body, pastel rainbow multi-color, cheering encouragingly with tiny pom-poms, hearts floating, curious and exploring expression, wonder-filled, wearing tiny round glasses, lap companion size, cat-sized, single creature only, full body visible, stylized 3D art, charming friendly, cute living creature, simple clean background, soft lighting
cute spiky but soft creature, gentle textured body, soft pastel blue and lavender colors, cheering encouragingly with tiny pom-poms, hearts floating, chill and relaxed expression, peaceful aura, tiny phone in hand, lap companion size, cat-sized, single creature only, full body visible, stylized 3D art, charming friendly, cute living creature, simple clean background, soft lighting
cute blobby wiggly creature, soft bouncy body, earthy green and brown colors, swimming with tiny floaties, splashing happily, energetic and buzzing expression, energy sparkles, tiny hearts floating behind, cushion friend size, medium pillow size, single creature only, full body visible, stylized 3D art, charming friendly, cute living creature, simple clean background, soft lighting
cute athletic creature, fit toned body, energetic build, cozy neutral beige and cream colors, disco dancing under tiny disco ball, groovy moves, curious and exploring expression, wonder-filled, big expressive ears or antenna, desktop buddy size, fits on keyboard, single creature only, full body visible, stylized 3D art, charming friendly, cute living creature, simple clean background, soft lighting
cute sleek smooth creature, streamlined body, cool calm teal and mint green colors, at tiny desk with coffee mug, office papers around, energetic and buzzing expression, energy sparkles, tiny hearts floating behind, cushion friend size, medium pillow size, single creature only, full body visible, stylized 3D art, charming friendly, cute living creature, simple clean background, soft lighting
cute fluffy round creature, ultra soft puffy body, cozy neutral grey and soft blue colors, dancing energetically with tiny headphones, music notes floating, chill and relaxed expression, peaceful aura, tiny headphones on head, pocket-sized, fits in palm, single creature only, full body visible, stylized 3D art, charming friendly, cute living creature, simple clean background, soft lighting
cute blobby wiggly creature, soft bouncy body, soft pastel blue and lavender colors, picking tiny flowers into small basket, energetic and buzzing expression, energy sparkles, carrying tiny backpack or bag, desktop buddy size, fits on keyboard, single creature only, full body visible, stylized 3D art, charming friendly, cute living creature, simple clean background, soft lighting
cute spiky but soft creature, gentle textured body, bright poppy orange and yellow colors, peeking curiously from behind, chill and relaxed expression, peaceful aura, tiny headphones on head, pocket-sized, fits in palm, single creature only, full body visible, stylized 3D art, charming friendly, cute living creature, simple clean background, soft lighting
cute fluffy round creature, ultra soft puffy body, cool calm teal and mint green colors, wrapped in tiny cozy blanket, tiny comfort plushie nearby, content and happy expression, satisfied, wearing tiny round glasses, desktop buddy size, fits on keyboard, single creature only, full body visible, stylized 3D art, charming friendly, cute living creature, simple clean background, soft lighting
cute blobby wiggly creature, soft bouncy body, warm friendly orange and cream colors, sipping tiny tea cup thoughtfully, tiny book nearby, giggly and silly expression, playful vibes, tiny headphones on head, cushion friend size, medium pillow size, single creature only, full body visible, stylized 3D art, charming friendly, cute living creature, simple clean background, soft lighting
cute long noodle-like creature, sleek smooth elongated body, bright poppy orange and yellow colors, peeking curiously from behind, excited and bouncy expression, joyful, tiny phone in hand, lap companion size, cat-sized, single creature only, full body visible, stylized 3D art, charming friendly, cute living creature, simple clean background, soft lighting
cute blobby wiggly creature, soft bouncy body, bright poppy orange and yellow colors, avoiding tasks playfully, tiny distractions around, giggly and silly expression, playful vibes, big expressive ears or antenna, desktop buddy size, fits on keyboard, single creature only, full body visible, stylized 3D art, charming friendly, cute living creature, simple clean background, soft lighting
cute sleek smooth creature, streamlined body, cozy neutral beige and cream colors, singing loudly in tiny car, happy and carefree, chill and relaxed expression, peaceful aura, soft gentle glow emanating, desktop buddy size, fits on keyboard, single creature only, full body visible, stylized 3D art, charming friendly, cute living creature, simple clean background, soft lighting
cute blobby wiggly creature, soft bouncy body, pastel rainbow multi-color, swinging tiny tennis racket, competitive spirit, excited and bouncy expression, joyful, big expressive ears or antenna, desktop buddy size, fits on keyboard, single creature only, full body visible, stylized 3D art, charming friendly, cute living creature, simple clean background, soft lighting
cute athletic creature, fit toned body, energetic build, bright poppy pink and purple colors, wrapped in tiny cozy blanket, tiny comfort plushie nearby, chill and relaxed expression, peaceful aura, tiny hearts floating behind, cushion friend size, medium pillow size, single creature only, full body visible, stylized 3D art, charming friendly, cute living creature, simple clean background, soft lighting
cute chubby squishy creature, soft round body, cool calm teal and mint green colors, wrapped in tiny cozy blanket, tiny comfort plushie nearby, curious and exploring expression, wonder-filled, wearing tiny cute hat, pocket-sized, fits in palm, single creature only, full body visible, stylized 3D art, charming friendly, cute living creature, simple clean background, soft lighting
cute spiky but soft creature, gentle textured body, soft pastel blue and lavender colors, doing yoga pose on tiny mat, balanced and peaceful, curious and exploring expression, wonder-filled, carrying tiny backpack or bag, cushion friend size, medium pillow size, single creature only, full body visible, stylized 3D art, charming friendly, cute living creature, simple clean background, soft lighting
cute blobby wiggly creature, soft bouncy body, cozy neutral grey and soft blue colors, doing yoga pose on tiny mat, balanced and peaceful, chill and relaxed expression, peaceful aura, carrying tiny backpack or bag, pocket-sized, fits in palm, single creature only, full body visible, stylized 3D art, charming friendly, cute living creature, simple clean background, soft lighting
cute long noodle-like creature, sleek smooth elongated body, soft pastel blue and lavender colors, doing yoga pose on tiny mat, balanced and peaceful, contemplative and thoughtful expression, reflective, tiny headphones on head, lap companion size, cat-sized, single creature only, full body visible, stylized 3D art, charming friendly, cute living creature, simple clean background, soft lighting
cute blobby wiggly creature, soft bouncy body, soft pastel pink and cream colors, cheering encouragingly with tiny pom-poms, hearts floating, energetic and buzzing expression, energy sparkles, sparkles around body when happy, desktop buddy size, fits on keyboard, single creature only, full body visible, stylized 3D art, charming friendly, cute living creature, simple clean background, soft lighting
cute chubby squishy creature, soft round body, pastel rainbow multi-color, lifting tiny dumbbells with effort, determined expression, giggly and silly expression, playful vibes, carrying tiny backpack or bag, pocket-sized, fits in palm, single creature only, full body visible, stylized 3D art, charming friendly, cute living creature, simple clean background, soft lighting
cute bean-shaped creature, tiny compact body, cozy neutral beige and cream colors, running on tiny treadmill, focused and sweaty, curious and exploring expression, wonder-filled, tiny phone in hand, desktop buddy size, fits on keyboard, single creature only, full body visible, stylized 3D art, charming friendly, cute living creature, simple clean background, soft lighting
cute athletic creature, fit toned body, energetic build, cozy neutral beige and cream colors, doodling with tiny crayon, little doodles floating, giggly and silly expression, playful vibes, sparkles around body when happy, cushion friend size, medium pillow size, single creature only, full body visible, stylized 3D art, charming friendly, cute living creature, simple clean background, soft lighting
cute chubby squishy creature, soft round body, soft pastel blue and lavender colors, wrapped in tiny cozy blanket, tiny comfort plushie nearby, playful and mischievous expression, sly and fun, wearing tiny round glasses, desktop buddy size, fits on keyboard, single creature only, full body visible, stylized 3D art, charming friendly, cute living creature, simple clean background, soft lighting
cute blobby wiggly creature, soft bouncy body, warm friendly orange and cream colors, doing yoga pose on tiny mat, balanced and peaceful, contemplative and thoughtful expression, reflective, wearing tiny round glasses, desktop buddy size, fits on keyboard, single creature only, full body visible, stylized 3D art, charming friendly, cute living creature, simple clean background, soft lighting
cute chubby squishy creature, soft round body, cozy neutral beige and cream colors, sipping tiny tea cup thoughtfully, tiny book nearby, giggly and silly expression, playful vibes, sparkles around body when happy, desktop buddy size, fits on keyboard, single creature only, full body visible, stylized 3D art, charming friendly, cute living creature, simple clean background, soft lighting
cute bean-shaped creature, tiny compact body, bright poppy orange and yellow colors, celebrating with tiny confetti, sparkles and glitter around, content and happy expression, satisfied, wearing tiny cute hat, lap companion size, cat-sized, single creature only, full body visible, stylized 3D art, charming friendly, cute living creature, simple clean background, soft lighting
cute sleek smooth creature, streamlined body, bright poppy pink and purple colors, peeking curiously from behind, chill and relaxed expression, peaceful aura, wearing tiny cute hat, lap companion size, cat-sized, single creature only, full body visible, stylized 3D art, charming friendly, cute living creature, simple clean background, soft lighting
cute blobby wiggly creature, soft bouncy body, soft pastel blue and lavender colors, munching on tiny snack excitedly, focused and intense expression, determined, tiny phone in hand, pocket-sized, fits in palm, single creature only, full body visible, stylized 3D art, charming friendly, cute living creature, simple clean background, soft lighting
cute long noodle-like creature, sleek smooth elongated body, cozy neutral beige and cream colors, at tiny desk with coffee mug, office papers around, contemplative and thoughtful expression, reflective, carrying tiny backpack or bag, cushion friend size, medium pillow size, single creature only, full body visible, stylized 3D art, charming friendly, cute living creature, simple clean background, soft lighting
cute long noodle-like creature, sleek smooth elongated body, cozy neutral beige and cream colors, shooting tiny basketball, sporty and focused, chill and relaxed expression, peaceful aura, tiny hearts floating behind, cushion friend size, medium pillow size, single creature only, full body visible, stylized 3D art, charming friendly, cute living creature, simple clean background, soft lighting
cute bean-shaped creature, tiny compact body, bright poppy pink and purple colors, doodling with tiny crayon, little doodles floating, content and happy expression, satisfied, tiny phone in hand, cushion friend size, medium pillow size, single creature only, full body visible, stylized 3D art, charming friendly, cute living creature, simple clean background, soft lighting
cute blobby wiggly creature, soft bouncy body, bright poppy pink and purple colors, running on tiny treadmill, focused and sweaty, content and happy expression, satisfied, wearing tiny cute hat, lap companion size, cat-sized, single creature only, full body visible, stylized 3D art, charming friendly, cute living creature, simple clean background, soft lighting
cute sleek smooth creature, streamlined body, cool calm teal and mint green colors, doing yoga pose on tiny mat, balanced and peaceful, content and happy expression, satisfied, carrying tiny backpack or bag, lap companion size, cat-sized, single creature only, full body visible, stylized 3D art, charming friendly, cute living creature, simple clean background, soft lighting
cute spiky but soft creature, gentle textured body, soft pastel pink and cream colors, disco dancing under tiny disco ball, groovy moves, giggly and silly expression, playful vibes, big expressive ears or antenna, pocket-sized, fits in palm, single creature only, full body visible, stylized 3D art, charming friendly, cute living creature, simple clean background, soft lighting
cute long noodle-like creature, sleek smooth elongated body, cozy neutral grey and soft blue colors, relaxing with coffee at tiny break area, curious and exploring expression, wonder-filled, big expressive ears or antenna, cushion friend size, medium pillow size, single creature only, full body visible, stylized 3D art, charming friendly, cute living creature, simple clean background, soft lighting
cute chubby squishy creature, soft round body, bright poppy orange and yellow colors, wrapped in tiny cozy blanket, tiny comfort plushie nearby, focused and intense expression, determined, tiny hearts floating behind, cushion friend size, medium pillow size, single creature only, full body visible, stylized 3D art, charming friendly, cute living creature, simple clean background, soft lighting
cute athletic creature, fit toned body, energetic build, bright poppy pink and purple colors, watering tiny plants with small watering can, contemplative and thoughtful expression, reflective, tiny headphones on head, desktop buddy size, fits on keyboard, single creature only, full body visible, stylized 3D art, charming friendly, cute living creature, simple clean background, soft lighting
cute fluffy round creature, ultra soft puffy body, soft pastel blue and lavender colors, doodling with tiny crayon, little doodles floating, content and happy expression, satisfied, wearing tiny cute hat, lap companion size, cat-sized, single creature only, full body visible, stylized 3D art, charming friendly, cute living creature, simple clean background, soft lighting
cute sleek smooth creature, streamlined body, cool calm teal and mint green colors, in tiny office chair at meeting, holding tiny notepad, sleepy and cozy expression, drowsy and comfortable, tiny headphones on head, cushion friend size, medium pillow size, single creature only, full body visible, stylized 3D art, charming friendly, cute living creature, simple clean background, soft lighting
cute blobby wiggly creature, soft bouncy body, earthy green and brown colors, DJ-ing with tiny turntables, headphones on, music vibes, energetic and buzzing expression, energy sparkles, tiny comfort blanket nearby, desktop buddy size, fits on keyboard, single creature only, full body visible, stylized 3D art, charming friendly, cute living creature, simple clean background, soft lighting
cute spiky but soft creature, gentle textured body, bright poppy orange and yellow colors, kicking tiny soccer ball, athletic pose, sleepy and cozy expression, drowsy and comfortable, tiny phone in hand, desktop buddy size, fits on keyboard, single creature only, full body visible, stylized 3D art, charming friendly, cute living creature, simple clean background, soft lighting
cute fluffy round creature, ultra soft puffy body, soft pastel blue and lavender colors, kicking tiny soccer ball, athletic pose, focused and intense expression, determined, tiny hearts floating behind, cushion friend size, medium pillow size, single creature only, full body visible, stylized 3D art, charming friendly, cute living creature, simple clean background, soft lighting
cute sleek smooth creature, streamlined body, soft pastel pink and cream colors, cheering encouragingly with tiny pom-poms, hearts floating, sleepy and cozy expression, drowsy and comfortable, wearing tiny round glasses, desktop buddy size, fits on keyboard, single creature only, full body visible, stylized 3D art, charming friendly, cute living creature, simple clean background, soft lighting
cute spiky but soft creature, gentle textured body, pastel rainbow multi-color, driving tiny car with paws on wheel, focused on road, curious and exploring expression, wonder-filled, wearing tiny round glasses, desktop buddy size, fits on keyboard, single creature only, full body visible, stylized 3D art, charming friendly, cute living creature, simple clean background, soft lighting
cute chubby squishy creature, soft round body, cool calm teal and mint green colors, sipping tiny tea cup thoughtfully, tiny book nearby, excited and bouncy expression, joyful, soft gentle glow emanating, lap companion size, cat-sized, single creature only, full body visible, stylized 3D art, charming friendly, cute living creature, simple clean background, soft lighting
cute athletic creature, fit toned body, energetic build, earthy green and brown colors, doodling with tiny crayon, little doodles floating, playful and mischievous expression, sly and fun, carrying tiny backpack or bag, lap companion size, cat-sized, single creature only, full body visible, stylized 3D art, charming friendly, cute living creature, simple clean background, soft lighting
cute sleek smooth creature, streamlined body, soft pastel blue and lavender colors, resting on tiny garden bench, flowers around, curious and exploring expression, wonder-filled, tiny phone in hand, pocket-sized, fits in palm, single creature only, full body visible, stylized 3D art, charming friendly, cute living creature, simple clean background, soft lighting
cute bean-shaped creature, tiny compact body, pastel rainbow multi-color, typing on tiny laptop at desk, focused work mode, content and happy expression, satisfied, tiny headphones on head, desktop buddy size, fits on keyboard, single creature only, full body visible, stylized 3D art, charming friendly, cute living creature, simple clean background, soft lighting
cute spiky but soft creature, gentle textured body, cozy neutral beige and cream colors, relaxing with coffee at tiny break area, chill and relaxed expression, peaceful aura, tiny hearts floating behind, pocket-sized, fits in palm, single creature only, full body visible, stylized 3D art, charming friendly, cute living creature, simple clean background, soft lighting
cute spiky but soft creature, gentle textured body, soft pastel pink and cream colors, dancing at party with tiny drink, celebration mode, energetic and buzzing expression, energy sparkles, carrying tiny backpack or bag, pocket-sized, fits in palm, single creature only, full body visible, stylized 3D art, charming friendly, cute living creature, simple clean background, soft lighting
cute fluffy round creature, ultra soft puffy body, bright poppy orange and yellow colors, resting on tiny garden bench, flowers around, contemplative and thoughtful expression, reflective, wearing tiny round glasses, desktop buddy size, fits on keyboard, single creature only, full body visible, stylized 3D art, charming friendly, cute living creature, simple clean background, soft lighting
cute athletic creature, fit toned body, energetic build, soft pastel pink and cream colors, doing yoga pose on tiny mat, balanced and peaceful, contemplative and thoughtful expression, reflective, carrying tiny backpack or bag, desktop buddy size, fits on keyboard, single creature only, full body visible, stylized 3D art, charming friendly, cute living creature, simple clean background, soft lighting
cute spiky but soft creature, gentle textured body, cozy neutral beige and cream colors, wrapped in tiny cozy blanket, tiny comfort plushie nearby, sleepy and cozy expression, drowsy and comfortable, wearing tiny cute hat, desktop buddy size, fits on keyboard, single creature only, full body visible, stylized 3D art, charming friendly, cute living creature, simple clean background, soft lighting
cute chubby squishy creature, soft round body, bright poppy pink and purple colors, scrolling on tiny phone, sleepy and cozy expression, drowsy and comfortable, soft gentle glow emanating, lap companion size, cat-sized, single creature only, full body visible, stylized 3D art, charming friendly, cute living creature, simple clean background, soft lighting
cute chubby squishy creature, soft round body, pastel rainbow multi-color, lifting tiny dumbbells with effort, determined expression, excited and bouncy expression, joyful, wearing tiny round glasses, pocket-sized, fits in palm, single creature only, full body visible, stylized 3D art, charming friendly, cute living creature, simple clean background, soft lighting
cute sleek smooth creature, streamlined body, cozy neutral beige and cream colors, wrapped in tiny cozy blanket, tiny comfort plushie nearby, focused and intense expression, determined, sparkles around body when happy, cushion friend size, medium pillow size, single creature only, full body visible, stylized 3D art, charming friendly, cute living creature, simple clean background, soft lighting
cute spiky but soft creature, gentle textured body, cool calm teal and mint green colors, resting on tiny garden bench, flowers around, chill and relaxed expression, peaceful aura, tiny comfort blanket nearby, lap companion size, cat-sized, single creature only, full body visible, stylized 3D art, charming friendly, cute living creature, simple clean background, soft lighting
cute chubby squishy creature, soft round body, bright poppy pink and purple colors, doing stretches at gym, athletic and flexible, sleepy and cozy expression, drowsy and comfortable, wearing tiny round glasses, desktop buddy size, fits on keyboard, single creature only, full body visible, stylized 3D art, charming friendly, cute living creature, simple clean background, soft lighting
cute athletic creature, fit toned body, energetic build, cool calm teal and mint green colors, relaxing with coffee at tiny break area, energetic and buzzing expression, energy sparkles, tiny hearts floating behind, cushion friend size, medium pillow size, single creature only, full body visible, stylized 3D art, charming friendly, cute living creature, simple clean background, soft lighting
cute chubby squishy creature, soft round body, bright poppy pink and purple colors, watering tiny plants with small watering can, energetic and buzzing expression, energy sparkles, sparkles around body when happy, lap companion size, cat-sized, single creature only, full body visible, stylized 3D art, charming friendly, cute living creature, simple clean background, soft lighting
cute long noodle-like creature, sleek smooth elongated body, cozy neutral grey and soft blue colors, picking tiny flowers into small basket, contemplative and thoughtful expression, reflective, soft gentle glow emanating, desktop buddy size, fits on keyboard, single creature only, full body visible, stylized 3D art, charming friendly, cute living creature, simple clean background, soft lighting
cute bean-shaped creature, tiny compact body, pastel rainbow multi-color, intensely focused on tiny game controller, tiny game screen glow, contemplative and thoughtful expression, reflective, big expressive ears or antenna, desktop buddy size, fits on keyboard, single creature only, full body visible, stylized 3D art, charming friendly, cute living creature, simple clean background, soft lighting
cute fluffy round creature, ultra soft puffy body, soft pastel pink and cream colors, planting tiny seeds in soil, gardening gloves on, chill and relaxed expression, peaceful aura, wearing tiny cute hat, desktop buddy size, fits on keyboard, single creature only, full body visible, stylized 3D art, charming friendly, cute living creature, simple clean background, soft lighting