Species,Sub-species,Colouring,Style,Mood,Motion Type,Elemental Affinity,Environment
Real,Lion,Gold & brown,Naturalistic,Proud,Roaring stance,Earth,Savannah
Real,Lion,Gold & brown,Naturalistic,Proud,Slow prowl,Earth,Savannah
Real,Lion,Gold & brown,Naturalistic,Proud,Dart & pause,Earth,Savannah
Real,Lion,Gold & brown,Naturalistic,Proud,Pounce loop,Earth,Savannah
Real,Lion,Gold & brown,Naturalistic,Proud,Mane shake,Earth,Savannah
Real,Lion,Gold & brown,Naturalistic,Proud,Stalking motion,Earth,Savannah
Real,Lion,Gold & brown,Naturalistic,Proud,Territorial stance,Earth,Savannah
Real,Lion,Gold & brown,Naturalistic,Proud,Charging rush,Earth,Savannah
Real,Lion,Gold & brown,Naturalistic,Aggressive,Roaring stance,Earth,Savannah
Real,Lion,Gold & brown,Naturalistic,Aggressive,Slow prowl,Earth,Savannah
Real,Lion,Gold & brown,Naturalistic,Aggressive,Dart & pause,Earth,Savannah
Real,Lion,Gold & brown,Naturalistic,Aggressive,Pounce loop,Earth,Savannah
Real,Lion,Gold & brown,Naturalistic,Aggressive,Mane shake,Earth,Savannah
Real,Lion,Gold & brown,Naturalistic,Aggressive,Stalking motion,Earth,Savannah
Real,Lion,Gold & brown,Naturalistic,Aggressive,Territorial stance,Earth,Savannah
Real,Lion,Gold & brown,Naturalistic,Aggressive,Charging rush,Earth,Savannah
Real,Lion,Gold & brown,Naturalistic,Wise,Roaring stance,Earth,Savannah
Real,Lion,Gold & brown,Naturalistic,Wise,Slow prowl,Earth,Savannah
Real,Lion,Gold & brown,Naturalistic,Wise,Dart & pause,Earth,Savannah
Real,Lion,Gold & brown,Naturalistic,Wise,Pounce loop,Earth,Savannah
Real,Lion,Gold & brown,Naturalistic,Wise,Mane shake,Earth,Savannah
Real,Lion,Gold & brown,Naturalistic,Wise,Stalking motion,Earth,Savannah
Real,Lion,Gold & brown,Naturalistic,Wise,Territorial stance,Earth,Savannah
Real,Lion,Gold & brown,Naturalistic,Wise,Charging rush,Earth,Savannah
Real,Lion,Gold & brown,Naturalistic,Calm,Roaring stance,Earth,Savannah
Real,Lion,Gold & brown,Naturalistic,Calm,Slow prowl,Earth,Savannah
Real,Lion,Gold & brown,Naturalistic,Calm,Dart & pause,Earth,Savannah
Real,Lion,Gold & brown,Naturalistic,Calm,Pounce loop,Earth,Savannah
Real,Lion,Gold & brown,Naturalistic,Calm,Mane shake,Earth,Savannah
Real,Lion,Gold & brown,Naturalistic,Calm,Stalking motion,Earth,Savannah
Real,Lion,Gold & brown,Naturalistic,Calm,Territorial stance,Earth,Savannah
Real,Lion,Gold & brown,Naturalistic,Calm,Charging rush,Earth,Savannah
Real,Lion,Gold & brown,Naturalistic,Fierce,Roaring stance,Earth,Savannah
Real,Lion,Gold & brown,Naturalistic,Fierce,Slow prowl,Earth,Savannah
Real,Lion,Gold & brown,Naturalistic,Fierce,Dart & pause,Earth,Savannah
Real,Lion,Gold & brown,Naturalistic,Fierce,Pounce loop,Earth,Savannah
Real,Lion,Gold & brown,Naturalistic,Fierce,Mane shake,Earth,Savannah
Real,Lion,Gold & brown,Naturalistic,Fierce,Stalking motion,Earth,Savannah
Real,Lion,Gold & brown,Naturalistic,Fierce,Territorial stance,Earth,Savannah
Real,Lion,Gold & brown,Naturalistic,Fierce,Charging rush,Earth,Savannah
Real,Lion,Gold & brown,Naturalistic,Noble,Roaring stance,Earth,Savannah
Real,Lion,Gold & brown,Naturalistic,Noble,Slow prowl,Earth,Savannah
Real,Lion,Gold & brown,Naturalistic,Noble,Dart & pause,Earth,Savannah
Real,Lion,Gold & brown,Naturalistic,Noble,Pounce loop,Earth,Savannah
Real,Lion,Gold & brown,Naturalistic,Noble,Mane shake,Earth,Savannah
Real,Lion,Gold & brown,Naturalistic,Noble,Stalking motion,Earth,Savannah
Real,Lion,Gold & brown,Naturalistic,Noble,Territorial stance,Earth,Savannah
Real,Lion,Gold & brown,Naturalistic,Noble,Charging rush,Earth,Savannah
Real,Lion,Gold & brown,Naturalistic,Watchful,Roaring stance,Earth,Savannah
Real,Lion,Gold & brown,Naturalistic,Watchful,Slow prowl,Earth,Savannah
Real,Lion,Gold & brown,Naturalistic,Watchful,Dart & pause,Earth,Savannah
Real,Lion,Gold & brown,Naturalistic,Watchful,Pounce loop,Earth,Savannah
Real,Lion,Gold & brown,Naturalistic,Watchful,Mane shake,Earth,Savannah
Real,Lion,Gold & brown,Naturalistic,Watchful,Stalking motion,Earth,Savannah
Real,Lion,Gold & brown,Naturalistic,Watchful,Territorial stance,Earth,Savannah
Real,Lion,Gold & brown,Naturalistic,Watchful,Charging rush,Earth,Savannah
Real,Lion,Gold & brown,Naturalistic,Mysterious,Roaring stance,Earth,Savannah
Real,Lion,Gold & brown,Naturalistic,Mysterious,Slow prowl,Earth,Savannah
Real,Lion,Gold & brown,Naturalistic,Mysterious,Dart & pause,Earth,Savannah
Real,Lion,Gold & brown,Naturalistic,Mysterious,Pounce loop,Earth,Savannah
Real,Lion,Gold & brown,Naturalistic,Mysterious,Mane shake,Earth,Savannah
Real,Lion,Gold & brown,Naturalistic,Mysterious,Stalking motion,Earth,Savannah
Real,Lion,Gold & brown,Naturalistic,Mysterious,Territorial stance,Earth,Savannah
Real,Lion,Gold & brown,Naturalistic,Mysterious,Charging rush,Earth,Savannah
Real,Lion,Gold & brown,Naturalistic,Dominant,Roaring stance,Earth,Savannah
Real,Lion,Gold & brown,Naturalistic,Dominant,Slow prowl,Earth,Savannah
Real,Lion,Gold & brown,Naturalistic,Dominant,Dart & pause,Earth,Savannah
Real,Lion,Gold & brown,Naturalistic,Dominant,Pounce loop,Earth,Savannah
Real,Lion,Gold & brown,Naturalistic,Dominant,Mane shake,Earth,Savannah
Real,Lion,Gold & brown,Naturalistic,Dominant,Stalking motion,Earth,Savannah
Real,Lion,Gold & brown,Naturalistic,Dominant,Territorial stance,Earth,Savannah
Real,Lion,Gold & brown,Naturalistic,Dominant,Charging rush,Earth,Savannah
Real,Lion,Gold & brown,Gothic,Proud,Roaring stance,Shadow,Ruins
Real,Lion,Gold & brown,Gothic,Proud,Slow prowl,Shadow,Ruins
Real,Lion,Gold & brown,Gothic,Proud,Dart & pause,Shadow,Ruins
Real,Lion,Gold & brown,Gothic,Proud,Pounce loop,Shadow,Ruins
Real,Lion,Gold & brown,Gothic,Proud,Mane shake,Shadow,Ruins
Real,Lion,Gold & brown,Gothic,Proud,Stalking motion,Shadow,Ruins
Real,Lion,Gold & brown,Gothic,Proud,Territorial stance,Shadow,Ruins
Real,Lion,Gold & brown,Gothic,Proud,Charging rush,Shadow,Ruins
Real,Lion,Gold & brown,Gothic,Aggressive,Roaring stance,Shadow,Ruins
Real,Lion,Gold & brown,Gothic,Aggressive,Slow prowl,Shadow,Ruins
Real,Lion,Gold & brown,Gothic,Aggressive,Dart & pause,Shadow,Ruins
Real,Lion,Gold & brown,Gothic,Aggressive,Pounce loop,Shadow,Ruins
Real,Lion,Gold & brown,Gothic,Aggressive,Mane shake,Shadow,Ruins
Real,Lion,Gold & brown,Gothic,Aggressive,Stalking motion,Shadow,Ruins
Real,Lion,Gold & brown,Gothic,Aggressive,Territorial stance,Shadow,Ruins
Real,Lion,Gold & brown,Gothic,Aggressive,Charging rush,Shadow,Ruins
Real,Lion,Gold & brown,Gothic,Wise,Roaring stance,Shadow,Ruins
Real,Lion,Gold & brown,Gothic,Wise,Slow prowl,Shadow,Ruins
Real,Lion,Gold & brown,Gothic,Wise,Dart & pause,Shadow,Ruins
Real,Lion,Gold & brown,Gothic,Wise,Pounce loop,Shadow,Ruins
Real,Lion,Gold & brown,Gothic,Wise,Mane shake,Shadow,Ruins
Real,Lion,Gold & brown,Gothic,Wise,Stalking motion,Shadow,Ruins
Real,Lion,Gold & brown,Gothic,Wise,Territorial stance,Shadow,Ruins
Real,Lion,Gold & brown,Gothic,Wise,Charging rush,Shadow,Ruins
Real,Lion,Gold & brown,Gothic,Calm,Roaring stance,Shadow,Ruins
Real,Lion,Gold & brown,Gothic,Calm,Slow prowl,Shadow,Ruins
Real,Lion,Gold & brown,Gothic,Calm,Dart & pause,Shadow,Ruins
Real,Lion,Gold & brown,Gothic,Calm,Pounce loop,Shadow,Ruins
Real,Lion,Gold & brown,Gothic,Calm,Mane shake,Shadow,Ruins
Real,Lion,Gold & brown,Gothic,Calm,Stalking motion,Shadow,Ruins
Real,Lion,Gold & brown,Gothic,Calm,Territorial stance,Shadow,Ruins
Real,Lion,Gold & brown,Gothic,Calm,Charging rush,Shadow,Ruins
Real,Lion,Gold & brown,Gothic,Fierce,Roaring stance,Shadow,Ruins
Real,Lion,Gold & brown,Gothic,Fierce,Slow prowl,Shadow,Ruins
Real,Lion,Gold & brown,Gothic,Fierce,Dart & pause,Shadow,Ruins
Real,Lion,Gold & brown,Gothic,Fierce,Pounce loop,Shadow,Ruins
Real,Lion,Gold & brown,Gothic,Fierce,Mane shake,Shadow,Ruins
Real,Lion,Gold & brown,Gothic,Fierce,Stalking motion,Shadow,Ruins
Real,Lion,Gold & brown,Gothic,Fierce,Territorial stance,Shadow,Ruins
Real,Lion,Gold & brown,Gothic,Fierce,Charging rush,Shadow,Ruins
Real,Lion,Gold & brown,Gothic,Noble,Roaring stance,Shadow,Ruins
Real,Lion,Gold & brown,Gothic,Noble,Slow prowl,Shadow,Ruins
Real,Lion,Gold & brown,Gothic,Noble,Dart & pause,Shadow,Ruins
Real,Lion,Gold & brown,Gothic,Noble,Pounce loop,Shadow,Ruins
Real,Lion,Gold & brown,Gothic,Noble,Mane shake,Shadow,Ruins
Real,Lion,Gold & brown,Gothic,Noble,Stalking motion,Shadow,Ruins
Real,Lion,Gold & brown,Gothic,Noble,Territorial stance,Shadow,Ruins
Real,Lion,Gold & brown,Gothic,Noble,Charging rush,Shadow,Ruins
Real,Lion,Gold & brown,Gothic,Watchful,Roaring stance,Shadow,Ruins
Real,Lion,Gold & brown,Gothic,Watchful,Slow prowl,Shadow,Ruins
Real,Lion,Gold & brown,Gothic,Watchful,Dart & pause,Shadow,Ruins
Real,Lion,Gold & brown,Gothic,Watchful,Pounce loop,Shadow,Ruins
Real,Lion,Gold & brown,Gothic,Watchful,Mane shake,Shadow,Ruins
Real,Lion,Gold & brown,Gothic,Watchful,Stalking motion,Shadow,Ruins
Real,Lion,Gold & brown,Gothic,Watchful,Territorial stance,Shadow,Ruins
Real,Lion,Gold & brown,Gothic,Watchful,Charging rush,Shadow,Ruins
Real,Lion,Gold & brown,Gothic,Mysterious,Roaring stance,Shadow,Ruins
Real,Lion,Gold & brown,Gothic,Mysterious,Slow prowl,Shadow,Ruins
Real,Lion,Gold & brown,Gothic,Mysterious,Dart & pause,Shadow,Ruins
Real,Lion,Gold & brown,Gothic,Mysterious,Pounce loop,Shadow,Ruins
Real,Lion,Gold & brown,Gothic,Mysterious,Mane shake,Shadow,Ruins
Real,Lion,Gold & brown,Gothic,Mysterious,Stalking motion,Shadow,Ruins
Real,Lion,Gold & brown,Gothic,Mysterious,Territorial stance,Shadow,Ruins
Real,Lion,Gold & brown,Gothic,Mysterious,Charging rush,Shadow,Ruins
Real,Lion,Gold & brown,Gothic,Dominant,Roaring stance,Shadow,Ruins
Real,Lion,Gold & brown,Gothic,Dominant,Slow prowl,Shadow,Ruins
Real,Lion,Gold & brown,Gothic,Dominant,Dart & pause,Shadow,Ruins
Real,Lion,Gold & brown,Gothic,Dominant,Pounce loop,Shadow,Ruins
Real,Lion,Gold & brown,Gothic,Dominant,Mane shake,Shadow,Ruins
Real,Lion,Gold & brown,Gothic,Dominant,Stalking motion,Shadow,Ruins
Real,Lion,Gold & brown,Gothic,Dominant,Territorial stance,Shadow,Ruins
Real,Lion,Gold & brown,Gothic,Dominant,Charging rush,Shadow,Ruins
Real,Lion,Gold & flame,Regal,Proud,Roaring stance,Fire,Mountain
Real,Lion,Gold & flame,Regal,Proud,Slow prowl,Fire,Mountain
Real,Lion,Gold & flame,Regal,Proud,Dart & pause,Fire,Mountain
Real,Lion,Gold & flame,Regal,Proud,Pounce loop,Fire,Mountain
Real,Lion,Gold & flame,Regal,Proud,Mane shake,Fire,Mountain
Real,Lion,Gold & flame,Regal,Proud,Stalking motion,Fire,Mountain
Real,Lion,Gold & flame,Regal,Proud,Territorial stance,Fire,Mountain
Real,Lion,Gold & flame,Regal,Proud,Charging rush,Fire,Mountain
Real,Lion,Gold & flame,Regal,Aggressive,Roaring stance,Fire,Mountain
Real,Lion,Gold & flame,Regal,Aggressive,Slow prowl,Fire,Mountain
Real,Lion,Gold & flame,Regal,Aggressive,Dart & pause,Fire,Mountain
Real,Lion,Gold & flame,Regal,Aggressive,Pounce loop,Fire,Mountain
Real,Lion,Gold & flame,Regal,Aggressive,Mane shake,Fire,Mountain
Real,Lion,Gold & flame,Regal,Aggressive,Stalking motion,Fire,Mountain
Real,Lion,Gold & flame,Regal,Aggressive,Territorial stance,Fire,Mountain
Real,Lion,Gold & flame,Regal,Aggressive,Charging rush,Fire,Mountain
Real,Lion,Gold & flame,Regal,Wise,Roaring stance,Fire,Mountain
Real,Lion,Gold & flame,Regal,Wise,Slow prowl,Fire,Mountain
Real,Lion,Gold & flame,Regal,Wise,Dart & pause,Fire,Mountain
Real,Lion,Gold & flame,Regal,Wise,Pounce loop,Fire,Mountain
Real,Lion,Gold & flame,Regal,Wise,Mane shake,Fire,Mountain
Real,Lion,Gold & flame,Regal,Wise,Stalking motion,Fire,Mountain
Real,Lion,Gold & flame,Regal,Wise,Territorial stance,Fire,Mountain
Real,Lion,Gold & flame,Regal,Wise,Charging rush,Fire,Mountain
Real,Lion,Gold & flame,Regal,Calm,Roaring stance,Fire,Mountain
Real,Lion,Gold & flame,Regal,Calm,Slow prowl,Fire,Mountain
Real,Lion,Gold & flame,Regal,Calm,Dart & pause,Fire,Mountain
Real,Lion,Gold & flame,Regal,Calm,Pounce loop,Fire,Mountain
Real,Lion,Gold & flame,Regal,Calm,Mane shake,Fire,Mountain
Real,Lion,Gold & flame,Regal,Calm,Stalking motion,Fire,Mountain
Real,Lion,Gold & flame,Regal,Calm,Territorial stance,Fire,Mountain
Real,Lion,Gold & flame,Regal,Calm,Charging rush,Fire,Mountain
Real,Lion,Gold & flame,Regal,Fierce,Roaring stance,Fire,Mountain
Real,Lion,Gold & flame,Regal,Fierce,Slow prowl,Fire,Mountain
Real,Lion,Gold & flame,Regal,Fierce,Dart & pause,Fire,Mountain
Real,Lion,Gold & flame,Regal,Fierce,Pounce loop,Fire,Mountain
Real,Lion,Gold & flame,Regal,Fierce,Mane shake,Fire,Mountain
Real,Lion,Gold & flame,Regal,Fierce,Stalking motion,Fire,Mountain
Real,Lion,Gold & flame,Regal,Fierce,Territorial stance,Fire,Mountain
Real,Lion,Gold & flame,Regal,Fierce,Charging rush,Fire,Mountain
Real,Lion,Gold & flame,Regal,Noble,Roaring stance,Fire,Mountain
Real,Lion,Gold & flame,Regal,Noble,Slow prowl,Fire,Mountain
Real,Lion,Gold & flame,Regal,Noble,Dart & pause,Fire,Mountain
Real,Lion,Gold & flame,Regal,Noble,Pounce loop,Fire,Mountain
Real,Lion,Gold & flame,Regal,Noble,Mane shake,Fire,Mountain
Real,Lion,Gold & flame,Regal,Noble,Stalking motion,Fire,Mountain
Real,Lion,Gold & flame,Regal,Noble,Territorial stance,Fire,Mountain
Real,Lion,Gold & flame,Regal,Noble,Charging rush,Fire,Mountain
Real,Lion,Gold & flame,Regal,Watchful,Roaring stance,Fire,Mountain
Real,Lion,Gold & flame,Regal,Watchful,Slow prowl,Fire,Mountain
Real,Lion,Gold & flame,Regal,Watchful,Dart & pause,Fire,Mountain
Real,Lion,Gold & flame,Regal,Watchful,Pounce loop,Fire,Mountain
Real,Lion,Gold & flame,Regal,Watchful,Mane shake,Fire,Mountain
Real,Lion,Gold & flame,Regal,Watchful,Stalking motion,Fire,Mountain
Real,Lion,Gold & flame,Regal,Watchful,Territorial stance,Fire,Mountain
Real,Lion,Gold & flame,Regal,Watchful,Charging rush,Fire,Mountain
Real,Lion,Gold & flame,Regal,Mysterious,Roaring stance,Fire,Mountain
Real,Lion,Gold & flame,Regal,Mysterious,Slow prowl,Fire,Mountain
Real,Lion,Gold & flame,Regal,Mysterious,Dart & pause,Fire,Mountain
Real,Lion,Gold & flame,Regal,Mysterious,Pounce loop,Fire,Mountain
Real,Lion,Gold & flame,Regal,Mysterious,Mane shake,Fire,Mountain
Real,Lion,Gold & flame,Regal,Mysterious,Stalking motion,Fire,Mountain
Real,Lion,Gold & flame,Regal,Mysterious,Territorial stance,Fire,Mountain
Real,Lion,Gold & flame,Regal,Mysterious,Charging rush,Fire,Mountain
Real,Lion,Gold & flame,Regal,Dominant,Roaring stance,Fire,Mountain
Real,Lion,Gold & flame,Regal,Dominant,Slow prowl,Fire,Mountain
Real,Lion,Gold & flame,Regal,Dominant,Dart & pause,Fire,Mountain
Real,Lion,Gold & flame,Regal,Dominant,Pounce loop,Fire,Mountain
Real,Lion,Gold & flame,Regal,Dominant,Mane shake,Fire,Mountain
Real,Lion,Gold & flame,Regal,Dominant,Stalking motion,Fire,Mountain
Real,Lion,Gold & flame,Regal,Dominant,Territorial stance,Fire,Mountain
Real,Lion,Gold & flame,Regal,Dominant,Charging rush,Fire,Mountain
Real,Lion,Silver & gold,Majestic,Proud,Roaring stance,Light,Temple
Real,Lion,Silver & gold,Majestic,Proud,Slow prowl,Light,Temple
Real,Lion,Silver & gold,Majestic,Proud,Dart & pause,Light,Temple
Real,Lion,Silver & gold,Majestic,Proud,Pounce loop,Light,Temple
Real,Lion,Silver & gold,Majestic,Proud,Mane shake,Light,Temple
Real,Lion,Silver & gold,Majestic,Proud,Stalking motion,Light,Temple
Real,Lion,Silver & gold,Majestic,Proud,Territorial stance,Light,Temple
Real,Lion,Silver & gold,Majestic,Proud,Charging rush,Light,Temple
Real,Lion,Silver & gold,Majestic,Aggressive,Roaring stance,Light,Temple
Real,Lion,Silver & gold,Majestic,Aggressive,Slow prowl,Light,Temple
Real,Lion,Silver & gold,Majestic,Aggressive,Dart & pause,Light,Temple
Real,Lion,Silver & gold,Majestic,Aggressive,Pounce loop,Light,Temple
Real,Lion,Silver & gold,Majestic,Aggressive,Mane shake,Light,Temple
Real,Lion,Silver & gold,Majestic,Aggressive,Stalking motion,Light,Temple
Real,Lion,Silver & gold,Majestic,Aggressive,Territorial stance,Light,Temple
Real,Lion,Silver & gold,Majestic,Aggressive,Charging rush,Light,Temple
Real,Lion,Silver & gold,Majestic,Wise,Roaring stance,Light,Temple
Real,Lion,Silver & gold,Majestic,Wise,Slow prowl,Light,Temple
Real,Lion,Silver & gold,Majestic,Wise,Dart & pause,Light,Temple
Real,Lion,Silver & gold,Majestic,Wise,Pounce loop,Light,Temple
Real,Lion,Silver & gold,Majestic,Wise,Mane shake,Light,Temple
Real,Lion,Silver & gold,Majestic,Wise,Stalking motion,Light,Temple
Real,Lion,Silver & gold,Majestic,Wise,Territorial stance,Light,Temple
Real,Lion,Silver & gold,Majestic,Wise,Charging rush,Light,Temple
Real,Lion,Silver & gold,Majestic,Calm,Roaring stance,Light,Temple
Real,Lion,Silver & gold,Majestic,Calm,Slow prowl,Light,Temple
Real,Lion,Silver & gold,Majestic,Calm,Dart & pause,Light,Temple
Real,Lion,Silver & gold,Majestic,Calm,Pounce loop,Light,Temple
Real,Lion,Silver & gold,Majestic,Calm,Mane shake,Light,Temple
Real,Lion,Silver & gold,Majestic,Calm,Stalking motion,Light,Temple
Real,Lion,Silver & gold,Majestic,Calm,Territorial stance,Light,Temple
Real,Lion,Silver & gold,Majestic,Calm,Charging rush,Light,Temple
Real,Lion,Silver & gold,Majestic,Fierce,Roaring stance,Light,Temple
Real,Lion,Silver & gold,Majestic,Fierce,Slow prowl,Light,Temple
Real,Lion,Silver & gold,Majestic,Fierce,Dart & pause,Light,Temple
Real,Lion,Silver & gold,Majestic,Fierce,Pounce loop,Light,Temple
Real,Lion,Silver & gold,Majestic,Fierce,Mane shake,Light,Temple
Real,Lion,Silver & gold,Majestic,Fierce,Stalking motion,Light,Temple
Real,Lion,Silver & gold,Majestic,Fierce,Territorial stance,Light,Temple
Real,Lion,Silver & gold,Majestic,Fierce,Charging rush,Light,Temple
Real,Lion,Silver & gold,Majestic,Noble,Roaring stance,Light,Temple
Real,Lion,Silver & gold,Majestic,Noble,Slow prowl,Light,Temple
Real,Lion,Silver & gold,Majestic,Noble,Dart & pause,Light,Temple
Real,Lion,Silver & gold,Majestic,Noble,Pounce loop,Light,Temple
Real,Lion,Silver & gold,Majestic,Noble,Mane shake,Light,Temple
Real,Lion,Silver & gold,Majestic,Noble,Stalking motion,Light,Temple
Real,Lion,Silver & gold,Majestic,Noble,Territorial stance,Light,Temple
Real,Lion,Silver & gold,Majestic,Noble,Charging rush,Light,Temple
Real,Lion,Silver & gold,Majestic,Watchful,Roaring stance,Light,Temple
Real,Lion,Silver & gold,Majestic,Watchful,Slow prowl,Light,Temple
Real,Lion,Silver & gold,Majestic,Watchful,Dart & pause,Light,Temple
Real,Lion,Silver & gold,Majestic,Watchful,Pounce loop,Light,Temple
Real,Lion,Silver & gold,Majestic,Watchful,Mane shake,Light,Temple
Real,Lion,Silver & gold,Majestic,Watchful,Stalking motion,Light,Temple
Real,Lion,Silver & gold,Majestic,Watchful,Territorial stance,Light,Temple
Real,Lion,Silver & gold,Majestic,Watchful,Charging rush,Light,Temple
Real,Lion,Silver & gold,Majestic,Mysterious,Roaring stance,Light,Temple
Real,Lion,Silver & gold,Majestic,Mysterious,Slow prowl,Light,Temple
Real,Lion,Silver & gold,Majestic,Mysterious,Dart & pause,Light,Temple
Real,Lion,Silver & gold,Majestic,Mysterious,Pounce loop,Light,Temple
Real,Lion,Silver & gold,Majestic,Mysterious,Mane shake,Light,Temple
Real,Lion,Silver & gold,Majestic,Mysterious,Stalking motion,Light,Temple
Real,Lion,Silver & gold,Majestic,Mysterious,Territorial stance,Light,Temple
Real,Lion,Silver & gold,Majestic,Mysterious,Charging rush,Light,Temple
Real,Lion,Silver & gold,Majestic,Dominant,Roaring stance,Light,Temple
Real,Lion,Silver & gold,Majestic,Dominant,Slow prowl,Light,Temple
Real,Lion,Silver & gold,Majestic,Dominant,Dart & pause,Light,Temple
Real,Lion,Silver & gold,Majestic,Dominant,Pounce loop,Light,Temple
Real,Lion,Silver & gold,Majestic,Dominant,Mane shake,Light,Temple
Real,Lion,Silver & gold,Majestic,Dominant,Stalking motion,Light,Temple
Real,Lion,Silver & gold,Majestic,Dominant,Territorial stance,Light,Temple
Real,Lion,Silver & gold,Majestic,Dominant,Charging rush,Light,Temple
Real,Lion,Black & gold,Sleek,Proud,Roaring stance,Shadow,Desert
Real,Lion,Black & gold,Sleek,Proud,Slow prowl,Shadow,Desert
Real,Lion,Black & gold,Sleek,Proud,Dart & pause,Shadow,Desert
Real,Lion,Black & gold,Sleek,Proud,Pounce loop,Shadow,Desert
Real,Lion,Black & gold,Sleek,Proud,Mane shake,Shadow,Desert
Real,Lion,Black & gold,Sleek,Proud,Stalking motion,Shadow,Desert
Real,Lion,Black & gold,Sleek,Proud,Territorial stance,Shadow,Desert
Real,Lion,Black & gold,Sleek,Proud,Charging rush,Shadow,Desert
Real,Lion,Black & gold,Sleek,Aggressive,Roaring stance,Shadow,Desert
Real,Lion,Black & gold,Sleek,Aggressive,Slow prowl,Shadow,Desert
Real,Lion,Black & gold,Sleek,Aggressive,Dart & pause,Shadow,Desert
Real,Lion,Black & gold,Sleek,Aggressive,Pounce loop,Shadow,Desert
Real,Lion,Black & gold,Sleek,Aggressive,Mane shake,Shadow,Desert
Real,Lion,Black & gold,Sleek,Aggressive,Stalking motion,Shadow,Desert
Real,Lion,Black & gold,Sleek,Aggressive,Territorial stance,Shadow,Desert
Real,Lion,Black & gold,Sleek,Aggressive,Charging rush,Shadow,Desert
Real,Lion,Black & gold,Sleek,Wise,Roaring stance,Shadow,Desert
Real,Lion,Black & gold,Sleek,Wise,Slow prowl,Shadow,Desert
Real,Lion,Black & gold,Sleek,Wise,Dart & pause,Shadow,Desert
Real,Lion,Black & gold,Sleek,Wise,Pounce loop,Shadow,Desert
Real,Lion,Black & gold,Sleek,Wise,Mane shake,Shadow,Desert
Real,Lion,Black & gold,Sleek,Wise,Stalking motion,Shadow,Desert
Real,Lion,Black & gold,Sleek,Wise,Territorial stance,Shadow,Desert
Real,Lion,Black & gold,Sleek,Wise,Charging rush,Shadow,Desert
Real,Lion,Black & gold,Sleek,Calm,Roaring stance,Shadow,Desert
Real,Lion,Black & gold,Sleek,Calm,Slow prowl,Shadow,Desert
Real,Lion,Black & gold,Sleek,Calm,Dart & pause,Shadow,Desert
Real,Lion,Black & gold,Sleek,Calm,Pounce loop,Shadow,Desert
Real,Lion,Black & gold,Sleek,Calm,Mane shake,Shadow,Desert
Real,Lion,Black & gold,Sleek,Calm,Stalking motion,Shadow,Desert
Real,Lion,Black & gold,Sleek,Calm,Territorial stance,Shadow,Desert
Real,Lion,Black & gold,Sleek,Calm,Charging rush,Shadow,Desert
Real,Lion,Black & gold,Sleek,Fierce,Roaring stance,Shadow,Desert
Real,Lion,Black & gold,Sleek,Fierce,Slow prowl,Shadow,Desert
Real,Lion,Black & gold,Sleek,Fierce,Dart & pause,Shadow,Desert
Real,Lion,Black & gold,Sleek,Fierce,Pounce loop,Shadow,Desert
Real,Lion,Black & gold,Sleek,Fierce,Mane shake,Shadow,Desert
Real,Lion,Black & gold,Sleek,Fierce,Stalking motion,Shadow,Desert
Real,Lion,Black & gold,Sleek,Fierce,Territorial stance,Shadow,Desert
Real,Lion,Black & gold,Sleek,Fierce,Charging rush,Shadow,Desert
Real,Lion,Black & gold,Sleek,Noble,Roaring stance,Shadow,Desert
Real,Lion,Black & gold,Sleek,Noble,Slow prowl,Shadow,Desert
Real,Lion,Black & gold,Sleek,Noble,Dart & pause,Shadow,Desert
Real,Lion,Black & gold,Sleek,Noble,Pounce loop,Shadow,Desert
Real,Lion,Black & gold,Sleek,Noble,Mane shake,Shadow,Desert
Real,Lion,Black & gold,Sleek,Noble,Stalking motion,Shadow,Desert
Real,Lion,Black & gold,Sleek,Noble,Territorial stance,Shadow,Desert
Real,Lion,Black & gold,Sleek,Noble,Charging rush,Shadow,Desert
Real,Lion,Black & gold,Sleek,Watchful,Roaring stance,Shadow,Desert
Real,Lion,Black & gold,Sleek,Watchful,Slow prowl,Shadow,Desert
Real,Lion,Black & gold,Sleek,Watchful,Dart & pause,Shadow,Desert
Real,Lion,Black & gold,Sleek,Watchful,Pounce loop,Shadow,Desert
Real,Lion,Black & gold,Sleek,Watchful,Mane shake,Shadow,Desert
Real,Lion,Black & gold,Sleek,Watchful,Stalking motion,Shadow,Desert
Real,Lion,Black & gold,Sleek,Watchful,Territorial stance,Shadow,Desert
Real,Lion,Black & gold,Sleek,Watchful,Charging rush,Shadow,Desert
Real,Lion,Black & gold,Sleek,Mysterious,Roaring stance,Shadow,Desert
Real,Lion,Black & gold,Sleek,Mysterious,Slow prowl,Shadow,Desert
Real,Lion,Black & gold,Sleek,Mysterious,Dart & pause,Shadow,Desert
Real,Lion,Black & gold,Sleek,Mysterious,Pounce loop,Shadow,Desert
Real,Lion,Black & gold,Sleek,Mysterious,Mane shake,Shadow,Desert
Real,Lion,Black & gold,Sleek,Mysterious,Stalking motion,Shadow,Desert
Real,Lion,Black & gold,Sleek,Mysterious,Territorial stance,Shadow,Desert
Real,Lion,Black & gold,Sleek,Mysterious,Charging rush,Shadow,Desert
Real,Lion,Black & gold,Sleek,Dominant,Roaring stance,Shadow,Desert
Real,Lion,Black & gold,Sleek,Dominant,Slow prowl,Shadow,Desert
Real,Lion,Black & gold,Sleek,Dominant,Dart & pause,Shadow,Desert
Real,Lion,Black & gold,Sleek,Dominant,Pounce loop,Shadow,Desert
Real,Lion,Black & gold,Sleek,Dominant,Mane shake,Shadow,Desert
Real,Lion,Black & gold,Sleek,Dominant,Stalking motion,Shadow,Desert
Real,Lion,Black & gold,Sleek,Dominant,Territorial stance,Shadow,Desert
Real,Lion,Black & gold,Sleek,Dominant,Charging rush,Shadow,Desert
Real,Lion,Bronze & amber,Ornate,Proud,Roaring stance,Earth,Jungle
Real,Lion,Bronze & amber,Ornate,Proud,Slow prowl,Earth,Jungle
Real,Lion,Bronze & amber,Ornate,Proud,Dart & pause,Earth,Jungle
Real,Lion,Bronze & amber,Ornate,Proud,Pounce loop,Earth,Jungle
Real,Lion,Bronze & amber,Ornate,Proud,Mane shake,Earth,Jungle
Real,Lion,Bronze & amber,Ornate,Proud,Stalking motion,Earth,Jungle
Real,Lion,Bronze & amber,Ornate,Proud,Territorial stance,Earth,Jungle
Real,Lion,Bronze & amber,Ornate,Proud,Charging rush,Earth,Jungle
Real,Lion,Bronze & amber,Ornate,Aggressive,Roaring stance,Earth,Jungle
Real,Lion,Bronze & amber,Ornate,Aggressive,Slow prowl,Earth,Jungle
Real,Lion,Bronze & amber,Ornate,Aggressive,Dart & pause,Earth,Jungle
Real,Lion,Bronze & amber,Ornate,Aggressive,Pounce loop,Earth,Jungle
Real,Lion,Bronze & amber,Ornate,Aggressive,Mane shake,Earth,Jungle
Real,Lion,Bronze & amber,Ornate,Aggressive,Stalking motion,Earth,Jungle
Real,Lion,Bronze & amber,Ornate,Aggressive,Territorial stance,Earth,Jungle
Real,Lion,Bronze & amber,Ornate,Aggressive,Charging rush,Earth,Jungle
Real,Lion,Bronze & amber,Ornate,Wise,Roaring stance,Earth,Jungle
Real,Lion,Bronze & amber,Ornate,Wise,Slow prowl,Earth,Jungle
Real,Lion,Bronze & amber,Ornate,Wise,Dart & pause,Earth,Jungle
Real,Lion,Bronze & amber,Ornate,Wise,Pounce loop,Earth,Jungle
Real,Lion,Bronze & amber,Ornate,Wise,Mane shake,Earth,Jungle
Real,Lion,Bronze & amber,Ornate,Wise,Stalking motion,Earth,Jungle
Real,Lion,Bronze & amber,Ornate,Wise,Territorial stance,Earth,Jungle
Real,Lion,Bronze & amber,Ornate,Wise,Charging rush,Earth,Jungle
Real,Lion,Bronze & amber,Ornate,Calm,Roaring stance,Earth,Jungle
Real,Lion,Bronze & amber,Ornate,Calm,Slow prowl,Earth,Jungle
Real,Lion,Bronze & amber,Ornate,Calm,Dart & pause,Earth,Jungle
Real,Lion,Bronze & amber,Ornate,Calm,Pounce loop,Earth,Jungle
Real,Lion,Bronze & amber,Ornate,Calm,Mane shake,Earth,Jungle
Real,Lion,Bronze & amber,Ornate,Calm,Stalking motion,Earth,Jungle
Real,Lion,Bronze & amber,Ornate,Calm,Territorial stance,Earth,Jungle
Real,Lion,Bronze & amber,Ornate,Calm,Charging rush,Earth,Jungle
Real,Lion,Bronze & amber,Ornate,Fierce,Roaring stance,Earth,Jungle
Real,Lion,Bronze & amber,Ornate,Fierce,Slow prowl,Earth,Jungle
Real,Lion,Bronze & amber,Ornate,Fierce,Dart & pause,Earth,Jungle
Real,Lion,Bronze & amber,Ornate,Fierce,Pounce loop,Earth,Jungle
Real,Lion,Bronze & amber,Ornate,Fierce,Mane shake,Earth,Jungle
Real,Lion,Bronze & amber,Ornate,Fierce,Stalking motion,Earth,Jungle
Real,Lion,Bronze & amber,Ornate,Fierce,Territorial stance,Earth,Jungle
Real,Lion,Bronze & amber,Ornate,Fierce,Charging rush,Earth,Jungle
Real,Lion,Bronze & amber,Ornate,Noble,Roaring stance,Earth,Jungle
Real,Lion,Bronze & amber,Ornate,Noble,Slow prowl,Earth,Jungle
Real,Lion,Bronze & amber,Ornate,Noble,Dart & pause,Earth,Jungle
Real,Lion,Bronze & amber,Ornate,Noble,Pounce loop,Earth,Jungle
Real,Lion,Bronze & amber,Ornate,Noble,Mane shake,Earth,Jungle
Real,Lion,Bronze & amber,Ornate,Noble,Stalking motion,Earth,Jungle
Real,Lion,Bronze & amber,Ornate,Noble,Territorial stance,Earth,Jungle
Real,Lion,Bronze & amber,Ornate,Noble,Charging rush,Earth,Jungle
Real,Lion,Bronze & amber,Ornate,Watchful,Roaring stance,Earth,Jungle
Real,Lion,Bronze & amber,Ornate,Watchful,Slow prowl,Earth,Jungle
Real,Lion,Bronze & amber,Ornate,Watchful,Dart & pause,Earth,Jungle
Real,Lion,Bronze & amber,Ornate,Watchful,Pounce loop,Earth,Jungle
Real,Lion,Bronze & amber,Ornate,Watchful,Mane shake,Earth,Jungle
Real,Lion,Bronze & amber,Ornate,Watchful,Stalking motion,Earth,Jungle
Real,Lion,Bronze & amber,Ornate,Watchful,Territorial stance,Earth,Jungle
Real,Lion,Bronze & amber,Ornate,Watchful,Charging rush,Earth,Jungle
Real,Lion,Bronze & amber,Ornate,Mysterious,Roaring stance,Earth,Jungle
Real,Lion,Bronze & amber,Ornate,Mysterious,Slow prowl,Earth,Jungle
Real,Lion,Bronze & amber,Ornate,Mysterious,Dart & pause,Earth,Jungle
Real,Lion,Bronze & amber,Ornate,Mysterious,Pounce loop,Earth,Jungle
Real,Lion,Bronze & amber,Ornate,Mysterious,Mane shake,Earth,Jungle
Real,Lion,Bronze & amber,Ornate,Mysterious,Stalking motion,Earth,Jungle
Real,Lion,Bronze & amber,Ornate,Mysterious,Territorial stance,Earth,Jungle
Real,Lion,Bronze & amber,Ornate,Mysterious,Charging rush,Earth,Jungle
Real,Lion,Bronze & amber,Ornate,Dominant,Roaring stance,Earth,Jungle
Real,Lion,Bronze & amber,Ornate,Dominant,Slow prowl,Earth,Jungle
Real,Lion,Bronze & amber,Ornate,Dominant,Dart & pause,Earth,Jungle
Real,Lion,Bronze & amber,Ornate,Dominant,Pounce loop,Earth,Jungle
Real,Lion,Bronze & amber,Ornate,Dominant,Mane shake,Earth,Jungle
Real,Lion,Bronze & amber,Ornate,Dominant,Stalking motion,Earth,Jungle
Real,Lion,Bronze & amber,Ornate,Dominant,Territorial stance,Earth,Jungle
Real,Lion,Bronze & amber,Ornate,Dominant,Charging rush,Earth,Jungle
Real,Lion,White & gold,Minimalist,Proud,Roaring stance,Light,Plateau
Real,Lion,White & gold,Minimalist,Proud,Slow prowl,Light,Plateau
Real,Lion,White & gold,Minimalist,Proud,Dart & pause,Light,Plateau
Real,Lion,White & gold,Minimalist,Proud,Pounce loop,Light,Plateau
Real,Lion,White & gold,Minimalist,Proud,Mane shake,Light,Plateau
Real,Lion,White & gold,Minimalist,Proud,Stalking motion,Light,Plateau
Real,Lion,White & gold,Minimalist,Proud,Territorial stance,Light,Plateau
Real,Lion,White & gold,Minimalist,Proud,Charging rush,Light,Plateau
Real,Lion,White & gold,Minimalist,Aggressive,Roaring stance,Light,Plateau
Real,Lion,White & gold,Minimalist,Aggressive,Slow prowl,Light,Plateau
Real,Lion,White & gold,Minimalist,Aggressive,Dart & pause,Light,Plateau
Real,Lion,White & gold,Minimalist,Aggressive,Pounce loop,Light,Plateau
Real,Lion,White & gold,Minimalist,Aggressive,Mane shake,Light,Plateau
Real,Lion,White & gold,Minimalist,Aggressive,Stalking motion,Light,Plateau
Real,Lion,White & gold,Minimalist,Aggressive,Territorial stance,Light,Plateau
Real,Lion,White & gold,Minimalist,Aggressive,Charging rush,Light,Plateau
Real,Lion,White & gold,Minimalist,Wise,Roaring stance,Light,Plateau
Real,Lion,White & gold,Minimalist,Wise,Slow prowl,Light,Plateau
Real,Lion,White & gold,Minimalist,Wise,Dart & pause,Light,Plateau
Real,Lion,White & gold,Minimalist,Wise,Pounce loop,Light,Plateau
Real,Lion,White & gold,Minimalist,Wise,Mane shake,Light,Plateau
Real,Lion,White & gold,Minimalist,Wise,Stalking motion,Light,Plateau
Real,Lion,White & gold,Minimalist,Wise,Territorial stance,Light,Plateau
Real,Lion,White & gold,Minimalist,Wise,Charging rush,Light,Plateau
Real,Lion,White & gold,Minimalist,Calm,Roaring stance,Light,Plateau
Real,Lion,White & gold,Minimalist,Calm,Slow prowl,Light,Plateau
Real,Lion,White & gold,Minimalist,Calm,Dart & pause,Light,Plateau
Real,Lion,White & gold,Minimalist,Calm,Pounce loop,Light,Plateau
Real,Lion,White & gold,Minimalist,Calm,Mane shake,Light,Plateau
Real,Lion,White & gold,Minimalist,Calm,Stalking motion,Light,Plateau
Real,Lion,White & gold,Minimalist,Calm,Territorial stance,Light,Plateau
Real,Lion,White & gold,Minimalist,Calm,Charging rush,Light,Plateau
Real,Lion,White & gold,Minimalist,Fierce,Roaring stance,Light,Plateau
Real,Lion,White & gold,Minimalist,Fierce,Slow prowl,Light,Plateau
Real,Lion,White & gold,Minimalist,Fierce,Dart & pause,Light,Plateau
Real,Lion,White & gold,Minimalist,Fierce,Pounce loop,Light,Plateau
Real,Lion,White & gold,Minimalist,Fierce,Mane shake,Light,Plateau
Real,Lion,White & gold,Minimalist,Fierce,Stalking motion,Light,Plateau
Real,Lion,White & gold,Minimalist,Fierce,Territorial stance,Light,Plateau
Real,Lion,White & gold,Minimalist,Fierce,Charging rush,Light,Plateau
Real,Lion,White & gold,Minimalist,Noble,Roaring stance,Light,Plateau
Real,Lion,White & gold,Minimalist,Noble,Slow prowl,Light,Plateau
Real,Lion,White & gold,Minimalist,Noble,Dart & pause,Light,Plateau
Real,Lion,White & gold,Minimalist,Noble,Pounce loop,Light,Plateau
Real,Lion,White & gold,Minimalist,Noble,Mane shake,Light,Plateau
Real,Lion,White & gold,Minimalist,Noble,Stalking motion,Light,Plateau
Real,Lion,White & gold,Minimalist,Noble,Territorial stance,Light,Plateau
Real,Lion,White & gold,Minimalist,Noble,Charging rush,Light,Plateau
Real,Lion,White & gold,Minimalist,Watchful,Roaring stance,Light,Plateau
Real,Lion,White & gold,Minimalist,Watchful,Slow prowl,Light,Plateau
Real,Lion,White & gold,Minimalist,Watchful,Dart & pause,Light,Plateau
Real,Lion,White & gold,Minimalist,Watchful,Pounce loop,Light,Plateau
Real,Lion,White & gold,Minimalist,Watchful,Mane shake,Light,Plateau
Real,Lion,White & gold,Minimalist,Watchful,Stalking motion,Light,Plateau
Real,Lion,White & gold,Minimalist,Watchful,Territorial stance,Light,Plateau
Real,Lion,White & gold,Minimalist,Watchful,Charging rush,Light,Plateau
Real,Lion,White & gold,Minimalist,Mysterious,Roaring stance,Light,Plateau
Real,Lion,White & gold,Minimalist,Mysterious,Slow prowl,Light,Plateau
Real,Lion,White & gold,Minimalist,Mysterious,Dart & pause,Light,Plateau
Real,Lion,White & gold,Minimalist,Mysterious,Pounce loop,Light,Plateau
Real,Lion,White & gold,Minimalist,Mysterious,Mane shake,Light,Plateau
Real,Lion,White & gold,Minimalist,Mysterious,Stalking motion,Light,Plateau
Real,Lion,White & gold,Minimalist,Mysterious,Territorial stance,Light,Plateau
Real,Lion,White & gold,Minimalist,Mysterious,Charging rush,Light,Plateau
Real,Lion,White & gold,Minimalist,Dominant,Roaring stance,Light,Plateau
Real,Lion,White & gold,Minimalist,Dominant,Slow prowl,Light,Plateau
Real,Lion,White & gold,Minimalist,Dominant,Dart & pause,Light,Plateau
Real,Lion,White & gold,Minimalist,Dominant,Pounce loop,Light,Plateau
Real,Lion,White & gold,Minimalist,Dominant,Mane shake,Light,Plateau
Real,Lion,White & gold,Minimalist,Dominant,Stalking motion,Light,Plateau
Real,Lion,White & gold,Minimalist,Dominant,Territorial stance,Light,Plateau
Real,Lion,White & gold,Minimalist,Dominant,Charging rush,Light,Plateau
Real,Lion,Rust & brown,Cosmic,Proud,Roaring stance,Nature,Sacred Grove
Real,Lion,Rust & brown,Cosmic,Proud,Slow prowl,Nature,Sacred Grove
Real,Lion,Rust & brown,Cosmic,Proud,Dart & pause,Nature,Sacred Grove
Real,Lion,Rust & brown,Cosmic,Proud,Pounce loop,Nature,Sacred Grove
Real,Lion,Rust & brown,Cosmic,Proud,Mane shake,Nature,Sacred Grove
Real,Lion,Rust & brown,Cosmic,Proud,Stalking motion,Nature,Sacred Grove
Real,Lion,Rust & brown,Cosmic,Proud,Territorial stance,Nature,Sacred Grove
Real,Lion,Rust & brown,Cosmic,Proud,Charging rush,Nature,Sacred Grove
Real,Lion,Rust & brown,Cosmic,Aggressive,Roaring stance,Nature,Sacred Grove
Real,Lion,Rust & brown,Cosmic,Aggressive,Slow prowl,Nature,Sacred Grove
Real,Lion,Rust & brown,Cosmic,Aggressive,Dart & pause,Nature,Sacred Grove
Real,Lion,Rust & brown,Cosmic,Aggressive,Pounce loop,Nature,Sacred Grove
Real,Lion,Rust & brown,Cosmic,Aggressive,Mane shake,Nature,Sacred Grove
Real,Lion,Rust & brown,Cosmic,Aggressive,Stalking motion,Nature,Sacred Grove
Real,Lion,Rust & brown,Cosmic,Aggressive,Territorial stance,Nature,Sacred Grove
Real,Lion,Rust & brown,Cosmic,Aggressive,Charging rush,Nature,Sacred Grove
Real,Lion,Rust & brown,Cosmic,Wise,Roaring stance,Nature,Sacred Grove
Real,Lion,Rust & brown,Cosmic,Wise,Slow prowl,Nature,Sacred Grove
Real,Lion,Rust & brown,Cosmic,Wise,Dart & pause,Nature,Sacred Grove
Real,Lion,Rust & brown,Cosmic,Wise,Pounce loop,Nature,Sacred Grove
Real,Lion,Rust & brown,Cosmic,Wise,Mane shake,Nature,Sacred Grove
Real,Lion,Rust & brown,Cosmic,Wise,Stalking motion,Nature,Sacred Grove
Real,Lion,Rust & brown,Cosmic,Wise,Territorial stance,Nature,Sacred Grove
Real,Lion,Rust & brown,Cosmic,Wise,Charging rush,Nature,Sacred Grove
Real,Lion,Rust & brown,Cosmic,Calm,Roaring stance,Nature,Sacred Grove
Real,Lion,Rust & brown,Cosmic,Calm,Slow prowl,Nature,Sacred Grove
Real,Lion,Rust & brown,Cosmic,Calm,Dart & pause,Nature,Sacred Grove
Real,Lion,Rust & brown,Cosmic,Calm,Pounce loop,Nature,Sacred Grove
Real,Lion,Rust & brown,Cosmic,Calm,Mane shake,Nature,Sacred Grove
Real,Lion,Rust & brown,Cosmic,Calm,Stalking motion,Nature,Sacred Grove
Real,Lion,Rust & brown,Cosmic,Calm,Territorial stance,Nature,Sacred Grove
Real,Lion,Rust & brown,Cosmic,Calm,Charging rush,Nature,Sacred Grove
Real,Lion,Rust & brown,Cosmic,Fierce,Roaring stance,Nature,Sacred Grove
Real,Lion,Rust & brown,Cosmic,Fierce,Slow prowl,Nature,Sacred Grove
Real,Lion,Rust & brown,Cosmic,Fierce,Dart & pause,Nature,Sacred Grove
Real,Lion,Rust & brown,Cosmic,Fierce,Pounce loop,Nature,Sacred Grove
Real,Lion,Rust & brown,Cosmic,Fierce,Mane shake,Nature,Sacred Grove
Real,Lion,Rust & brown,Cosmic,Fierce,Stalking motion,Nature,Sacred Grove
Real,Lion,Rust & brown,Cosmic,Fierce,Territorial stance,Nature,Sacred Grove
Real,Lion,Rust & brown,Cosmic,Fierce,Charging rush,Nature,Sacred Grove
Real,Lion,Rust & brown,Cosmic,Noble,Roaring stance,Nature,Sacred Grove
Real,Lion,Rust & brown,Cosmic,Noble,Slow prowl,Nature,Sacred Grove
Real,Lion,Rust & brown,Cosmic,Noble,Dart & pause,Nature,Sacred Grove
Real,Lion,Rust & brown,Cosmic,Noble,Pounce loop,Nature,Sacred Grove
Real,Lion,Rust & brown,Cosmic,Noble,Mane shake,Nature,Sacred Grove
Real,Lion,Rust & brown,Cosmic,Noble,Stalking motion,Nature,Sacred Grove
Real,Lion,Rust & brown,Cosmic,Noble,Territorial stance,Nature,Sacred Grove
Real,Lion,Rust & brown,Cosmic,Noble,Charging rush,Nature,Sacred Grove
Real,Lion,Rust & brown,Cosmic,Watchful,Roaring stance,Nature,Sacred Grove
Real,Lion,Rust & brown,Cosmic,Watchful,Slow prowl,Nature,Sacred Grove
Real,Lion,Rust & brown,Cosmic,Watchful,Dart & pause,Nature,Sacred Grove
Real,Lion,Rust & brown,Cosmic,Watchful,Pounce loop,Nature,Sacred Grove
Real,Lion,Rust & brown,Cosmic,Watchful,Mane shake,Nature,Sacred Grove
Real,Lion,Rust & brown,Cosmic,Watchful,Stalking motion,Nature,Sacred Grove
Real,Lion,Rust & brown,Cosmic,Watchful,Territorial stance,Nature,Sacred Grove
Real,Lion,Rust & brown,Cosmic,Watchful,Charging rush,Nature,Sacred Grove
Real,Lion,Rust & brown,Cosmic,Mysterious,Roaring stance,Nature,Sacred Grove
Real,Lion,Rust & brown,Cosmic,Mysterious,Slow prowl,Nature,Sacred Grove
Real,Lion,Rust & brown,Cosmic,Mysterious,Dart & pause,Nature,Sacred Grove
Real,Lion,Rust & brown,Cosmic,Mysterious,Pounce loop,Nature,Sacred Grove
Real,Lion,Rust & brown,Cosmic,Mysterious,Mane shake,Nature,Sacred Grove
Real,Lion,Rust & brown,Cosmic,Mysterious,Stalking motion,Nature,Sacred Grove
Real,Lion,Rust & brown,Cosmic,Mysterious,Territorial stance,Nature,Sacred Grove
Real,Lion,Rust & brown,Cosmic,Mysterious,Charging rush,Nature,Sacred Grove
Real,Lion,Rust & brown,Cosmic,Dominant,Roaring stance,Nature,Sacred Grove
Real,Lion,Rust & brown,Cosmic,Dominant,Slow prowl,Nature,Sacred Grove
Real,Lion,Rust & brown,Cosmic,Dominant,Dart & pause,Nature,Sacred Grove
Real,Lion,Rust & brown,Cosmic,Dominant,Pounce loop,Nature,Sacred Grove
Real,Lion,Rust & brown,Cosmic,Dominant,Mane shake,Nature,Sacred Grove
Real,Lion,Rust & brown,Cosmic,Dominant,Stalking motion,Nature,Sacred Grove
Real,Lion,Rust & brown,Cosmic,Dominant,Territorial stance,Nature,Sacred Grove
Real,Lion,Rust & brown,Cosmic,Dominant,Charging rush,Nature,Sacred Grove
Real,Lion,Crimson & gold,Ethereal,Proud,Roaring stance,Fire,Volcano
Real,Lion,Crimson & gold,Ethereal,Proud,Slow prowl,Fire,Volcano
Real,Lion,Crimson & gold,Ethereal,Proud,Dart & pause,Fire,Volcano
Real,Lion,Crimson & gold,Ethereal,Proud,Pounce loop,Fire,Volcano
Real,Lion,Crimson & gold,Ethereal,Proud,Mane shake,Fire,Volcano
Real,Lion,Crimson & gold,Ethereal,Proud,Stalking motion,Fire,Volcano
Real,Lion,Crimson & gold,Ethereal,Proud,Territorial stance,Fire,Volcano
Real,Lion,Crimson & gold,Ethereal,Proud,Charging rush,Fire,Volcano
Real,Lion,Crimson & gold,Ethereal,Aggressive,Roaring stance,Fire,Volcano
Real,Lion,Crimson & gold,Ethereal,Aggressive,Slow prowl,Fire,Volcano
Real,Lion,Crimson & gold,Ethereal,Aggressive,Dart & pause,Fire,Volcano
Real,Lion,Crimson & gold,Ethereal,Aggressive,Pounce loop,Fire,Volcano
Real,Lion,Crimson & gold,Ethereal,Aggressive,Mane shake,Fire,Volcano
Real,Lion,Crimson & gold,Ethereal,Aggressive,Stalking motion,Fire,Volcano
Real,Lion,Crimson & gold,Ethereal,Aggressive,Territorial stance,Fire,Volcano
Real,Lion,Crimson & gold,Ethereal,Aggressive,Charging rush,Fire,Volcano
Real,Lion,Crimson & gold,Ethereal,Wise,Roaring stance,Fire,Volcano
Real,Lion,Crimson & gold,Ethereal,Wise,Slow prowl,Fire,Volcano
Real,Lion,Crimson & gold,Ethereal,Wise,Dart & pause,Fire,Volcano
Real,Lion,Crimson & gold,Ethereal,Wise,Pounce loop,Fire,Volcano
Real,Lion,Crimson & gold,Ethereal,Wise,Mane shake,Fire,Volcano
Real,Lion,Crimson & gold,Ethereal,Wise,Stalking motion,Fire,Volcano
Real,Lion,Crimson & gold,Ethereal,Wise,Territorial stance,Fire,Volcano
Real,Lion,Crimson & gold,Ethereal,Wise,Charging rush,Fire,Volcano
Real,Lion,Crimson & gold,Ethereal,Calm,Roaring stance,Fire,Volcano
Real,Lion,Crimson & gold,Ethereal,Calm,Slow prowl,Fire,Volcano
Real,Lion,Crimson & gold,Ethereal,Calm,Dart & pause,Fire,Volcano
Real,Lion,Crimson & gold,Ethereal,Calm,Pounce loop,Fire,Volcano
Real,Lion,Crimson & gold,Ethereal,Calm,Mane shake,Fire,Volcano
Real,Lion,Crimson & gold,Ethereal,Calm,Stalking motion,Fire,Volcano
Real,Lion,Crimson & gold,Ethereal,Calm,Territorial stance,Fire,Volcano
Real,Lion,Crimson & gold,Ethereal,Calm,Charging rush,Fire,Volcano
Real,Lion,Crimson & gold,Ethereal,Fierce,Roaring stance,Fire,Volcano
Real,Lion,Crimson & gold,Ethereal,Fierce,Slow prowl,Fire,Volcano
Real,Lion,Crimson & gold,Ethereal,Fierce,Dart & pause,Fire,Volcano
Real,Lion,Crimson & gold,Ethereal,Fierce,Pounce loop,Fire,Volcano
Real,Lion,Crimson & gold,Ethereal,Fierce,Mane shake,Fire,Volcano
Real,Lion,Crimson & gold,Ethereal,Fierce,Stalking motion,Fire,Volcano
Real,Lion,Crimson & gold,Ethereal,Fierce,Territorial stance,Fire,Volcano
Real,Lion,Crimson & gold,Ethereal,Fierce,Charging rush,Fire,Volcano
Real,Lion,Crimson & gold,Ethereal,Noble,Roaring stance,Fire,Volcano
Real,Lion,Crimson & gold,Ethereal,Noble,Slow prowl,Fire,Volcano
Real,Lion,Crimson & gold,Ethereal,Noble,Dart & pause,Fire,Volcano
Real,Lion,Crimson & gold,Ethereal,Noble,Pounce loop,Fire,Volcano
Real,Lion,Crimson & gold,Ethereal,Noble,Mane shake,Fire,Volcano
Real,Lion,Crimson & gold,Ethereal,Noble,Stalking motion,Fire,Volcano
Real,Lion,Crimson & gold,Ethereal,Noble,Territorial stance,Fire,Volcano
Real,Lion,Crimson & gold,Ethereal,Noble,Charging rush,Fire,Volcano
Real,Lion,Crimson & gold,Ethereal,Watchful,Roaring stance,Fire,Volcano
Real,Lion,Crimson & gold,Ethereal,Watchful,Slow prowl,Fire,Volcano
Real,Lion,Crimson & gold,Ethereal,Watchful,Dart & pause,Fire,Volcano
Real,Lion,Crimson & gold,Ethereal,Watchful,Pounce loop,Fire,Volcano
Real,Lion,Crimson & gold,Ethereal,Watchful,Mane shake,Fire,Volcano
Real,Lion,Crimson & gold,Ethereal,Watchful,Stalking motion,Fire,Volcano
Real,Lion,Crimson & gold,Ethereal,Watchful,Territorial stance,Fire,Volcano
Real,Lion,Crimson & gold,Ethereal,Watchful,Charging rush,Fire,Volcano
Real,Lion,Crimson & gold,Ethereal,Mysterious,Roaring stance,Fire,Volcano
Real,Lion,Crimson & gold,Ethereal,Mysterious,Slow prowl,Fire,Volcano
Real,Lion,Crimson & gold,Ethereal,Mysterious,Dart & pause,Fire,Volcano
Real,Lion,Crimson & gold,Ethereal,Mysterious,Pounce loop,Fire,Volcano
Real,Lion,Crimson & gold,Ethereal,Mysterious,Mane shake,Fire,Volcano
Real,Lion,Crimson & gold,Ethereal,Mysterious,Stalking motion,Fire,Volcano
Real,Lion,Crimson & gold,Ethereal,Mysterious,Territorial stance,Fire,Volcano
Real,Lion,Crimson & gold,Ethereal,Mysterious,Charging rush,Fire,Volcano
Real,Lion,Crimson & gold,Ethereal,Dominant,Roaring stance,Fire,Volcano
Real,Lion,Crimson & gold,Ethereal,Dominant,Slow prowl,Fire,Volcano
Real,Lion,Crimson & gold,Ethereal,Dominant,Dart & pause,Fire,Volcano
Real,Lion,Crimson & gold,Ethereal,Dominant,Pounce loop,Fire,Volcano
Real,Lion,Crimson & gold,Ethereal,Dominant,Mane shake,Fire,Volcano
Real,Lion,Crimson & gold,Ethereal,Dominant,Stalking motion,Fire,Volcano
Real,Lion,Crimson & gold,Ethereal,Dominant,Territorial stance,Fire,Volcano
Real,Lion,Crimson & gold,Ethereal,Dominant,Charging rush,Fire,Volcano